field,count,unique,top,freq,mean,std,min,25%,50%,75%,max
state,12000,8,NSW,1500,,,,,,,
year,12000.0,,,,2020.9966666666667,2.001954763257252,2018.0,2019.0,2021.0,2023.0,2024.0
treatment_name,12000,12,Spinal Fusion,1059,,,,,,,
cost,12000.0,,,,15223.04618297028,13603.159737026464,495.9415389626393,4759.174999916498,9316.642876430604,22604.423508057927,69150.12655230708
outcome_score,12000.0,,,,0.8399521316529502,0.09855215389366542,0.488981855579399,0.7810156459907022,0.8582677883107973,0.913561329515124,0.99
