geo,year,efficiency_index,measures
SA,2023,0.6490581521292517,10
NSW,2023,0.5807271890158828,10
VIC,2023,0.5802988797884986,10
NT,2023,0.5351035505220115,10
WA,2023,0.5281483990352512,10
QLD,2023,0.5030750275301404,10
TAS,2023,0.467217275096905,10
ACT,2023,0.3578718124382082,10
