Name,NSW,Vic,Qld,WA,SA,Tas,ACT,NT
Infant and young child mortality rate,66450.06666666667,53770.0,42060.24444444445,22953.46111111111,13234.072222222221,4398.845833333334,4200.845833333334,2747.120833333333
Major causes of death,1894.8858333333333,1445.3616666666667,1109.155,526.3083333333333,490.5683333333333,184.82000000000002,91.0375,72.76416666666667
Mortality due to suicide,318.06666666666666,244.38333333333335,269.09999999999997,147.33333333333334,90.68333333333334,45.39166666666667,23.650000000000002,26.891666666666666
